epoch,train_loss,train_acc,val_loss,val_acc,val_auc,time_s
1,2.41991863178258,0.6077396657871592,0.8004928851336763,0.7789473684210526,0.8315399251513517,10.674577951431274
